Tech,.NET Core / .NET 5,.NET Framework,ANY,ANY CLOUD,ANY ENTERPRISE,APL,ASP.NET,ASP.NET Core ,AWS,Android Studio,Angular,Angular.js,Ansible,Apache Spark,Assembly,Atom,Bash/Shell,C,C#,C++,COBOL,Cassandra,Chef,Clojure,Cordova,Couchbase,Crystal,Dart,Delphi,Deno,DigitalOcean,Django,Docker,Drupal,DynamoDB,Eclipse,Elasticsearch,Elixir,Emacs,Erlang,Express,F#,FastAPI,Firebase,Flask,Flow,Flutter,Gatsby,Git,Go,Google Cloud Platform,Groovy,HTML/CSS,Hadoop,Haskell,Heroku,IBM Cloud or Watson,IBM DB2,IPython/Jupyter,IntelliJ,Java,JavaScript,Julia,Keras,Kotlin,Kubernetes,LISP,Laravel,MariaDB,Matlab,Microsoft Azure,Microsoft SQL Server,MongoDB,MySQL,NA,Neovim,NetBeans,Node.js,Notepad++,NumPy,Objective-C,Oracle,Oracle Cloud Infrastructure,PHP,PHPStorm,Pandas,Perl,PostgreSQL,PowerShell,Pulumi,Puppet,PyCharm,Python,Qt,R,RStudio,React Native,React.js,Redis,Rider,Ruby,Ruby on Rails,RubyMine,Rust,SQL,SQLite,Scala,Spring,Sublime Text,Svelte,Swift,Symfony,TensorFlow,Terraform,TextMate,Torch/PyTorch,TypeScript,Unity 3D,Unreal Engine,VBA,Vim,Visual Studio,Visual Studio Code,Vue.js,Webstorm,Xamarin,Xcode,Yarn,jQuery
.NET Core / .NET 5,15310,11440,15310,10355,1528,121,7245,10396,4660,3708,4566,2225,770,466,1045,1455,3726,3043,14135,4033,132,366,215,143,846,241,141,880,497,267,1437,1106,6900,307,935,2370,1884,193,500,129,2451,634,334,1889,1275,250,1202,396,13237,1296,2660,382,9780,332,360,1728,277,347,1167,3606,4708,11143,130,635,1207,2443,198,933,2118,633,7628,9869,3694,6114,5745,519,1295,5597,7113,2088,512,2111,241,3035,1026,1576,353,4611,4201,146,258,2337,5767,964,570,456,1296,4702,2788,2446,643,483,180,1009,9670,5048,286,1206,2395,346,756,388,1217,1030,137,698,6756,2493,788,1439,2580,13102,13057,2511,1370,2068,1746,2180,5518
.NET Framework,11440,16620,16620,10274,1630,180,8878,8242,4756,4492,4503,2662,795,521,1253,1884,3860,3710,14745,4861,182,401,255,139,994,272,176,900,649,227,1444,1252,6214,402,867,3229,1776,189,556,134,2513,483,337,2117,1357,287,1264,371,13719,1136,2876,419,10608,387,332,1836,322,460,1375,3929,5543,11818,134,700,1283,2080,220,1167,2448,819,7195,10592,3715,7207,7351,475,1824,5666,8469,2353,615,2677,280,3866,1224,1750,453,4384,4354,118,283,2713,6345,1188,659,539,1335,4487,2504,1872,702,518,203,815,10774,5541,298,1291,2986,310,826,477,1408,827,154,755,6130,2859,921,1922,2762,14506,13339,2473,1345,2101,1903,2028,6748
ANY,15310,16620,83439,45156,8016,536,9918,11404,29138,18141,14471,7242,5607,2833,4632,10564,22385,17329,22984,20057,437,1873,982,1552,3491,1106,466,4965,1731,1027,9495,9446,35644,1508,5137,12955,9331,1438,4327,651,15010,804,2447,11373,10174,929,6586,2501,68171,7879,16687,2479,46259,2155,1749,12897,1373,1438,10310,23467,29162,53587,1068,4930,6866,12115,1096,6377,12088,3846,16540,18896,19479,35289,57621,4071,5839,27975,24262,16445,2310,8868,1014,18130,6096,13664,2028,28424,8871,368,1313,15755,39792,4812,4185,3200,7051,25296,14552,3255,5569,4438,1219,5799,38835,22634,2148,9177,16714,1735,4204,2427,8034,5442,678,4808,24909,7206,2339,3847,19752,26970,58026,11954,6564,2844,9040,12937,21693
ANY CLOUD,10355,10274,45156,45156,4812,291,6948,8476,29138,11082,10126,5273,4147,2218,2202,5809,13683,8166,14124,9339,270,1491,842,1189,2531,850,296,3273,824,704,6948,5939,25375,1059,5031,6870,7541,1096,2482,478,10351,582,1857,8433,6762,694,4367,1900,39707,5735,16687,1742,26570,1631,923,8390,1042,886,5997,14139,16419,32242,513,3135,4390,10063,591,4049,7323,1868,16540,12847,13446,21457,22325,2310,3291,18793,13143,9262,1518,5243,713,10414,3703,8309,1164,19630,6084,357,1012,8853,21869,2233,2349,1801,5077,17124,11393,2221,4039,3349,927,3092,24000,13609,1615,6027,9715,1165,2680,1566,5141,5208,482,3117,17298,3760,1349,2110,11903,15402,33609,7876,4407,2060,6169,9188,13231
ANY ENTERPRISE,1528,1630,8016,4812,8016,54,926,1134,2976,1221,1686,720,792,530,349,767,2618,1528,2124,1812,63,291,157,143,242,148,37,252,87,82,619,676,4002,92,772,1586,1074,70,466,52,1237,81,248,695,1090,92,346,182,6835,945,1322,488,3665,430,99,737,223,325,1141,2740,3366,4597,104,506,606,1789,107,232,785,317,2214,2060,1727,2740,5573,328,413,2428,2778,1706,203,1468,176,847,231,1606,309,2569,1103,33,159,1421,4109,384,458,364,481,2255,1328,235,410,256,74,552,3661,1921,350,1500,1371,135,344,111,785,708,58,503,2492,362,126,446,2310,2493,5563,756,515,215,750,944,1631
APL,121,180,536,291,54,536,91,85,206,175,145,90,111,79,135,100,173,175,137,160,69,116,58,73,68,56,64,71,83,52,103,81,163,48,71,102,76,66,98,65,91,61,65,94,73,60,66,45,280,74,145,59,234,57,81,86,76,72,94,122,169,265,64,57,77,89,83,64,88,88,136,142,105,177,369,62,72,135,160,109,65,112,77,120,59,98,65,142,95,44,49,96,211,70,83,65,67,120,77,50,77,56,48,81,216,138,63,72,90,43,78,52,78,60,52,70,144,76,53,79,122,166,238,72,69,62,93,86,120
ASP.NET,7245,8878,9918,6948,926,91,9918,7039,3150,2771,3406,2219,453,349,670,1106,2097,1872,9126,2387,134,265,156,87,747,221,134,613,381,150,941,803,3903,332,589,1970,1267,125,283,87,1660,283,223,1492,760,211,821,301,8251,629,1798,244,7229,291,174,1179,242,338,785,2208,3202,8048,69,412,709,1380,130,827,1446,461,5293,7852,2519,4680,3375,217,1262,3710,5313,1160,377,1919,195,2428,810,958,278,2822,2878,84,200,1426,3234,511,402,337,945,3092,1779,1117,444,386,147,325,7451,3425,180,893,1903,213,523,359,785,555,122,404,4343,1304,452,1289,1486,9025,8287,1745,868,1489,1277,1358,5230
ASP.NET Core ,10396,8242,11404,8476,1134,85,7039,11404,3732,2718,4106,1976,587,357,628,940,2579,1824,10772,2419,114,294,163,104,696,208,111,685,355,207,1149,824,5520,266,769,1649,1607,158,286,112,1961,493,279,1547,870,212,898,351,9989,918,2002,261,7783,266,225,1329,227,291,778,2449,3216,8911,74,425,826,2085,120,776,1541,401,6599,8591,2974,4651,3329,311,977,4362,5316,1239,380,1688,184,2220,794,1037,235,3715,3333,127,198,1493,3712,504,396,324,1036,3838,2402,1932,482,412,153,591,7919,3794,213,962,1734,299,560,330,776,880,119,431,5775,1406,474,1030,1748,10032,9980,2129,1115,1655,1334,1800,4690
AWS,4660,4756,29138,29138,2976,206,3150,3732,29138,6868,6374,3570,3368,1648,1405,3992,9866,5256,6801,5843,175,1185,732,996,1711,666,231,1874,510,513,5461,4414,18609,826,4922,4514,6050,922,1940,401,7514,318,1418,4994,4902,476,2612,1426,26095,4378,8533,1341,16935,1239,666,6220,755,575,3994,9887,11045,21209,364,2028,2871,7283,452,3068,5284,1118,7046,6348,9546,14978,15227,1743,2103,13075,7546,6179,1098,3343,504,7249,2757,5623,894,14977,3205,282,833,6115,14933,1442,1580,1190,3724,12291,8957,1236,3434,2903,796,2258,15436,8880,1280,4476,6860,820,1839,1193,3395,4392,390,2116,11352,2177,837,1152,8980,7488,21202,5584,3124,951,4219,6842,8585
Android Studio,3708,4492,18141,11082,1221,175,2771,2718,6868,18141,4737,2718,1075,670,1578,4051,4627,5474,6098,6028,149,526,289,196,2156,374,121,3456,464,352,2752,2750,7622,587,1229,5440,1908,287,855,167,4828,187,598,6037,2687,375,4457,723,15518,1787,5884,708,11730,599,437,4130,523,385,2848,8464,10836,13262,195,1545,4581,2498,250,2395,3765,1212,4084,4637,5963,10626,9440,798,3135,8144,7294,4073,1249,2680,360,6132,2233,3218,473,6450,2238,79,344,4879,9158,1519,912,851,3598,6840,3108,976,1117,905,347,1092,9590,8132,423,2668,5379,468,2081,817,2644,865,254,1342,6643,2988,1052,1100,4339,7833,14199,3351,2432,1369,4946,3608,6425
Angular,4566,4503,14471,10126,1686,145,3406,4106,6374,4737,14471,4454,1199,595,685,2095,3553,2470,5884,2948,134,582,286,159,2166,402,111,1182,339,322,2109,1753,7912,520,1301,3355,2398,198,530,128,4484,217,480,3469,1654,258,1646,677,12848,1433,3885,620,10800,493,276,2800,406,518,1327,5487,6546,12533,105,700,1468,2995,162,1778,2867,610,4935,5486,5525,7780,7021,463,1724,7768,5530,2034,496,2687,255,4215,1613,1769,341,6079,2269,104,353,2442,5466,677,593,452,1925,5460,3242,963,837,747,258,687,8603,4445,450,3299,3336,481,867,756,1325,1059,197,672,10834,1296,492,855,3122,6231,12062,2979,2476,921,2423,3034,5728
Angular.js,2225,2662,7242,5273,720,90,2219,1976,3570,2718,4454,7242,675,428,510,1571,2025,1694,3103,1933,122,364,244,101,1246,263,85,599,257,191,1273,1148,3844,462,788,2262,1373,150,393,112,2460,142,272,1834,1009,208,915,430,6377,752,2194,372,5611,357,187,1562,313,333,821,2801,3574,6581,78,427,785,1482,134,1196,1691,453,2501,2989,3040,4584,3255,272,1312,4223,3371,1207,414,1629,193,2773,1042,1017,305,3136,1317,67,302,1409,3104,508,400,315,1322,3422,1852,423,668,620,197,350,4691,2761,295,1556,2346,270,586,571,838,579,169,502,4245,889,391,616,1893,3469,5938,2005,1193,620,1457,1816,4162
Ansible,770,795,5607,4147,792,111,453,587,3368,1075,1199,675,5607,469,382,784,3133,1242,1096,1229,76,472,455,278,299,243,91,288,136,159,1241,1073,4665,271,740,909,1956,255,641,149,1112,105,399,616,1313,135,401,271,5158,1496,1622,583,2880,409,202,806,208,198,814,2195,2354,3640,88,343,547,2419,177,538,1606,228,1437,1134,1751,2750,3467,600,388,2147,1402,1228,194,852,193,1439,586,1092,414,3439,869,126,472,1391,3569,418,285,231,523,1933,2311,300,863,670,221,742,3020,2004,368,1142,1194,207,275,406,587,1695,135,388,1811,335,180,233,2815,1093,3766,1146,590,179,642,1273,1568
Apache Spark,466,521,2833,2218,530,79,349,357,1648,670,595,428,469,2833,253,574,1186,713,617,771,74,417,149,152,211,164,59,173,88,91,394,594,1896,126,500,763,812,93,288,84,501,82,280,448,815,110,276,124,2483,480,994,249,1287,1193,132,457,206,173,1115,1498,1584,1562,111,635,331,1035,113,253,573,275,939,890,976,1589,1052,205,398,902,1024,1423,122,690,133,590,249,1483,154,1517,434,63,153,1148,2183,241,485,403,299,851,839,131,236,199,92,264,1885,964,840,680,841,107,169,132,807,512,86,575,753,254,135,210,1098,794,1886,416,304,142,316,605,776
Assembly,1045,1253,4632,2202,349,135,670,628,1405,1578,685,510,382,253,4632,1002,2738,3712,1761,3291,172,185,112,122,240,127,104,415,321,132,646,774,2036,163,255,1509,455,140,581,150,924,134,192,757,893,99,510,134,3967,749,1091,194,2946,226,446,855,204,182,967,1744,2634,3112,181,531,580,606,333,378,1039,890,935,1091,1292,2374,2955,515,748,1846,1977,1649,333,746,141,1469,407,1134,394,1697,950,47,147,1344,3351,866,529,337,499,1355,698,256,426,264,103,855,2540,1922,220,505,1262,132,388,207,894,228,92,591,1256,871,391,496,1877,2162,3348,747,435,302,658,623,1423
Atom,1455,1884,10564,5809,767,100,1106,940,3992,4051,2095,1571,784,574,1002,10564,3333,3434,2647,3654,121,376,240,187,787,250,100,966,226,235,1664,2095,4518,418,751,3736,1330,193,805,125,2717,113,434,2325,2093,234,1330,450,9036,1076,2920,429,7244,456,315,2855,367,264,2513,4413,5016,7765,317,1130,1164,1526,196,1287,2324,943,2012,2120,3538,6181,6472,639,2010,4594,4622,3320,510,1573,247,3580,1351,2718,378,3923,1302,72,296,3721,6650,1085,898,796,1447,3888,1988,441,1087,880,322,612,5543,4018,340,1353,4343,285,824,508,1823,607,262,1035,2913,1677,666,685,3588,4028,7882,1987,1417,484,1881,2127,4213
Bash/Shell,3726,3860,22385,13683,2618,173,2097,2579,9866,4627,3553,2025,3133,1186,2738,3333,22385,7113,5650,7255,221,753,525,645,958,461,223,1255,455,434,3279,3213,13779,599,2032,3840,3870,576,2120,363,4583,329,1000,2679,4146,312,1549,849,20467,3788,5349,1391,13968,904,908,3491,528,540,3791,7493,9280,15460,470,1686,2147,5230,668,1588,4755,1487,4759,4546,5807,9883,14556,2104,1488,9436,6525,5948,831,2707,424,5499,1786,4829,1331,9981,4453,190,728,5114,14577,2083,1586,1080,1863,7191,5453,1054,2282,1584,445,2659,12661,7655,992,2940,4808,646,1242,937,2818,2838,301,1825,7463,2034,743,1223,9804,6131,15526,3655,1945,714,2632,4314,6120
C,3043,3710,17329,8166,1528,175,1872,1824,5256,5474,2470,1694,1242,713,3712,3434,7113,17329,5575,11818,246,497,283,262,749,301,161,1490,567,325,2120,2814,7098,407,894,4860,1587,310,1625,273,3297,258,615,2808,3152,222,1900,439,14495,2335,3943,592,10171,687,925,3003,488,402,3455,5849,8776,10845,436,1888,1865,2129,619,1261,3251,2227,3064,3366,4517,8670,11479,1488,2348,6160,6539,5776,976,2463,309,4685,1283,4196,1018,5748,2332,67,354,4819,11960,2571,1461,1029,1621,4818,2545,704,1223,787,253,2366,8447,6727,545,1804,4592,405,1176,561,3017,760,194,1886,4178,2416,1012,1134,6301,7055,12391,2324,1437,761,2220,2253,4816
C#,14135,14745,22984,14124,2124,137,9126,10772,6801,6098,5884,3103,1096,617,1761,2647,5650,5575,22984,7100,236,501,265,227,1201,337,209,1563,766,340,2242,2030,9313,452,1314,4089,2545,300,736,197,3934,639,486,3155,2200,315,1980,581,19289,1961,4121,600,14833,497,546,2942,397,495,2069,5900,8218,16624,213,1118,2003,3151,301,1667,3436,1187,9316,12754,5539,9867,10956,745,2188,8535,10366,3618,859,3187,279,5415,1712,2734,562,6767,5333,160,337,4048,9697,1484,958,707,1974,6802,3804,2874,1077,753,270,1475,14186,7451,452,1964,4071,499,1207,636,2097,1293,179,1163,8990,4781,1306,2066,4073,18316,18819,3680,2049,2457,2700,3120,8235
C++,4033,4861,20057,9339,1812,160,2387,2419,5843,6028,2948,1933,1229,771,3291,3654,7255,11818,7100,20057,232,528,274,246,825,308,153,1639,636,363,2163,3040,7963,431,992,4984,1682,284,1531,241,3723,290,651,3156,3343,267,2085,470,16666,2372,4371,613,11385,733,840,3342,504,422,3863,6505,9538,12326,482,2200,2049,2316,525,1443,3395,2349,3648,4185,5150,9555,13333,1441,2484,7057,7833,6654,1014,2584,315,5125,1446,4765,907,6219,2817,71,348,5563,13543,3393,1570,1100,1798,5522,2719,926,1156,756,268,2398,9317,7268,562,1960,5124,416,1259,580,3575,795,207,2268,4952,3191,1424,1331,6452,9423,14697,2658,1621,970,2476,2479,5392
COBOL,132,182,437,270,63,69,134,114,175,149,134,122,76,74,172,121,221,246,236,232,437,62,59,67,80,53,69,71,121,41,88,96,212,67,60,196,98,57,76,62,110,65,49,93,82,42,58,44,318,86,154,77,302,68,65,91,64,149,88,165,273,319,60,57,88,103,74,79,135,84,180,223,151,276,241,50,128,186,237,109,76,183,59,198,76,101,99,199,139,34,59,117,221,65,84,59,76,142,88,48,91,63,37,70,315,207,73,121,137,45,81,51,84,63,41,67,174,72,54,149,166,217,284,99,82,65,96,87,205
Cassandra,366,401,1873,1491,291,116,265,294,1185,526,582,364,472,417,185,376,753,497,501,528,62,1873,161,125,172,197,61,169,102,86,382,338,1399,116,369,543,849,119,207,102,461,76,165,370,428,86,213,111,1611,536,707,217,886,351,109,380,145,127,374,1048,1144,1204,74,239,297,913,86,193,545,150,614,541,839,1052,919,147,264,769,604,516,121,465,106,448,194,495,142,1146,278,53,166,531,1053,163,191,160,261,705,870,135,256,198,88,241,1039,658,344,636,515,95,150,125,363,394,76,241,645,177,114,137,742,512,1216,364,284,126,279,408,584
Chef,215,255,982,842,157,58,156,163,732,289,286,244,455,149,112,240,525,283,265,274,59,161,982,76,121,97,60,80,64,84,256,225,782,109,247,266,425,82,153,72,255,49,85,177,239,89,123,91,890,313,374,153,532,143,66,261,95,86,159,429,473,664,45,92,150,482,62,143,310,70,348,314,384,605,490,144,145,431,326,224,89,221,90,293,141,205,125,578,234,67,250,250,570,106,89,88,169,425,471,82,374,262,110,147,560,394,123,247,313,71,102,109,161,429,76,118,354,119,86,87,507,287,680,241,151,95,184,282,383
Clojure,143,139,1552,1189,143,73,87,104,996,196,159,101,278,152,122,187,645,262,227,246,67,125,76,1552,66,69,67,114,68,62,300,153,1030,48,275,132,383,139,777,105,220,89,76,183,195,44,114,90,1357,298,423,123,639,84,164,310,64,65,176,746,642,878,94,101,201,475,236,76,204,74,252,191,296,401,1123,212,72,458,139,258,84,158,62,176,67,236,99,976,134,54,69,183,633,93,124,81,189,812,459,62,227,162,54,225,656,401,177,215,214,76,111,57,137,317,56,111,393,103,64,69,541,181,756,173,103,52,155,303,204
Cordova,846,994,3491,2531,242,68,747,696,1711,2156,2166,1246,299,211,240,787,958,749,1201,825,80,172,121,66,3491,184,61,433,153,131,758,468,1797,277,337,1036,627,84,177,64,1413,64,147,1350,474,124,660,220,3068,355,1309,160,2793,179,99,905,176,149,348,1241,1561,3196,54,241,428,668,76,792,1082,210,1097,1193,1503,2352,934,153,679,2254,1505,537,333,662,124,1678,658,458,158,1419,491,44,153,621,1332,298,178,146,860,1424,886,151,272,254,95,151,2111,1597,116,618,1177,180,424,350,426,236,113,234,2328,477,201,319,868,1388,2874,1090,690,396,1385,965,1920
Couchbase,241,272,1106,850,148,56,221,208,666,374,402,263,243,164,127,250,461,301,337,308,53,197,97,69,184,1106,50,124,63,82,272,187,814,96,227,319,435,77,135,77,390,61,100,318,238,75,161,94,962,313,444,121,651,163,72,275,116,105,162,551,604,828,54,128,183,466,61,163,356,97,388,365,553,628,524,106,180,588,385,247,102,263,70,348,167,239,98,592,191,41,115,276,569,117,101,82,214,476,457,84,160,129,66,132,634,505,132,317,330,89,137,126,201,205,63,142,525,119,81,114,407,363,801,296,215,110,245,292,424
Crystal,141,176,466,296,37,64,134,111,231,121,111,85,91,59,104,100,223,161,209,153,69,61,60,67,61,50,466,86,84,53,146,72,254,45,69,92,118,116,69,70,94,61,51,85,77,45,77,45,360,145,122,60,308,50,72,145,58,51,58,106,159,355,63,57,89,107,59,60,117,63,129,178,127,215,291,97,66,186,141,86,70,97,54,153,51,78,72,255,113,35,45,68,215,58,80,49,72,152,169,39,233,165,60,120,298,191,64,55,130,62,85,46,79,75,40,54,180,75,48,108,158,185,298,124,50,66,90,132,170
Dart,880,900,4965,3273,252,71,613,685,1874,3456,1182,599,288,173,415,966,1255,1490,1563,1639,71,169,80,114,433,124,86,4965,147,212,976,891,2253,135,369,1055,546,182,236,106,1587,102,261,2454,929,109,4364,279,4406,905,2109,214,3204,165,180,1376,179,93,769,2222,2540,3646,111,492,1312,770,102,727,1067,338,1068,1067,1892,2701,1949,335,670,2477,1462,1172,321,602,110,1576,595,996,120,1953,572,47,98,1278,2726,412,282,205,972,2031,999,284,385,298,126,549,2507,2308,154,655,1279,272,658,220,832,280,69,401,2054,809,293,242,1149,1828,4224,1161,669,338,1388,1123,1474
Delphi,497,649,1731,824,87,83,381,355,510,464,339,257,136,88,321,226,455,567,766,636,121,102,64,68,153,63,84,147,1731,52,209,188,568,119,96,453,196,74,108,71,219,77,63,277,167,55,159,55,1172,181,338,104,898,77,84,176,75,142,130,365,596,959,70,85,160,184,95,188,464,158,467,905,341,912,1203,69,296,461,914,212,139,456,81,633,201,174,163,627,340,35,63,275,573,195,118,125,147,328,242,100,151,108,56,103,1155,826,89,201,346,58,129,120,142,79,64,88,452,159,86,334,322,810,952,238,149,196,242,202,654
Deno,267,227,1027,704,82,52,150,207,513,352,322,191,159,91,132,235,434,325,340,363,41,86,84,62,131,82,53,212,52,1027,322,212,717,67,152,204,203,105,142,59,606,57,111,345,232,90,273,175,959,315,403,61,785,73,104,386,92,66,170,403,412,919,60,112,185,337,63,146,292,82,302,223,550,517,455,185,120,810,266,255,81,123,67,315,147,213,57,567,222,65,97,235,568,123,77,68,276,670,405,103,159,141,66,370,490,464,85,170,279,232,130,86,201,155,58,124,794,210,128,90,403,354,905,414,236,115,217,491,345
DigitalOcean,1437,1444,9495,6948,619,103,941,1149,5461,2752,2109,1273,1241,394,646,1664,3279,2120,2242,2163,88,382,256,300,758,272,146,976,209,322,9495,1896,6068,428,895,1404,1951,459,671,198,3301,155,603,2223,1885,218,1312,754,8611,1737,3338,324,6497,294,313,2966,339,209,1185,3037,3274,7727,163,677,950,2211,227,1975,2652,434,2275,1918,3773,5636,4476,825,881,4984,2375,1969,447,948,251,3685,1568,1725,326,5310,1085,103,360,2093,4917,650,515,367,1659,4543,3560,520,1272,1104,342,1059,5287,3939,292,1072,2738,488,741,657,1175,1032,185,715,3931,925,403,421,3227,2448,7283,2819,1415,404,1698,2814,3564
Django,1106,1252,9446,5939,676,81,803,824,4414,2750,1753,1148,1073,594,774,2095,3213,2814,2030,3040,96,338,225,153,468,187,72,891,188,212,1896,9446,5350,357,798,1862,1552,201,656,136,2216,95,990,1865,3881,176,1301,478,8420,1355,2835,287,6238,539,313,2954,345,207,2754,3125,3598,6948,166,1404,909,1825,200,1025,1945,795,1872,1761,3283,5466,4517,645,1038,3686,2723,4168,328,1188,202,2421,817,3752,334,5716,1106,78,276,4616,8732,1152,811,631,1244,3906,2766,353,730,643,232,759,5203,4913,288,1042,3018,297,528,377,2122,813,133,1262,2687,1103,443,505,3260,2707,7209,1977,1062,324,1128,1845,3248
Docker,6900,6214,35644,25375,4002,163,3903,5520,18609,7622,7912,3844,4665,1896,2036,4518,13779,7098,9313,7963,212,1399,782,1030,1797,814,254,2253,568,717,6068,5350,35644,933,3782,5400,7412,1085,2432,473,8690,470,1838,5083,6255,552,3066,1631,33439,6011,9410,1790,20417,1438,967,6498,776,734,5013,13014,13871,25370,451,2532,3488,11080,600,3306,7122,1467,8941,8232,11363,16793,20517,2544,2317,15499,9367,7892,1004,4291,540,8355,3446,6916,1114,18737,4685,316,1027,7762,19168,2216,1794,1300,3859,14068,11097,1986,3647,2972,868,3541,19010,11209,1558,5998,7425,1106,1781,1676,4264,4823,392,2638,14472,2653,1003,1305,11922,9762,26627,7065,3951,1268,4287,8530,9599
Drupal,307,402,1508,1059,92,48,332,266,826,587,520,462,271,126,163,418,599,407,452,431,67,116,109,48,277,96,45,135,119,67,428,357,933,1508,187,508,391,64,151,62,481,52,103,380,283,78,213,183,1342,204,528,90,1220,112,70,407,123,102,200,525,612,1310,43,117,152,334,75,510,747,141,463,516,596,1258,775,90,379,823,700,292,134,346,89,1172,550,237,171,728,270,44,151,352,722,164,143,125,301,708,470,83,224,223,84,110,1042,692,79,268,591,105,154,430,178,165,106,127,598,207,114,204,594,557,1090,537,273,164,361,456,1029
DynamoDB,935,867,5137,5031,772,71,589,769,4922,1229,1301,788,740,500,255,751,2032,894,1314,992,60,369,247,275,337,227,69,369,96,152,895,798,3782,187,5137,827,1812,177,403,115,1685,102,349,1123,1077,133,502,406,4688,1176,1609,406,2959,360,158,1039,186,164,753,2200,2284,3928,84,376,662,1646,114,456,959,200,1271,1219,2006,2631,2365,343,406,2964,1231,1135,249,658,137,1062,439,1106,192,2883,704,129,232,1212,2919,251,273,223,860,2640,2116,309,663,505,177,467,2809,1510,397,1086,1260,206,386,239,668,1528,116,403,2581,379,188,214,1755,1263,3913,1051,747,187,816,1417,1367
Eclipse,2370,3229,12955,6870,1586,102,1970,1649,4514,5440,3355,2262,909,763,1509,3736,3840,4860,4089,4984,196,543,266,132,1036,319,92,1055,453,204,1404,1862,5400,508,827,12955,1619,139,886,125,2684,134,358,2564,1824,230,1494,328,10829,1061,3123,712,8255,721,336,2409,469,659,2446,6386,10032,9038,147,1137,1440,1987,243,1319,2749,1230,2776,3792,4022,8152,8178,516,3487,4887,7460,3220,609,3501,337,4147,1433,2546,585,4777,1795,68,320,3814,6967,1290,913,885,1467,3880,1988,466,741,582,244,583,7737,4762,446,3668,4555,233,781,577,1855,609,238,1014,3716,1903,742,1156,3846,5891,9685,1858,1418,787,1968,1880,5233
Elasticsearch,1884,1776,9331,7541,1074,76,1267,1607,6050,1908,2398,1373,1956,812,455,1330,3870,1587,2545,1682,98,849,425,383,627,435,118,546,196,203,1951,1552,7412,391,1812,1619,9331,382,734,201,2421,172,637,1611,1884,187,755,493,8603,2053,2969,711,5473,663,253,1820,294,285,1315,3860,4055,6967,119,708,1028,3771,196,1054,2382,360,2691,2556,3758,5080,4905,643,742,4362,2667,1987,343,1437,215,2522,1167,1895,420,5621,1375,130,517,2181,5040,488,469,354,1153,3964,4897,594,1460,1193,376,868,5641,3133,667,2076,2364,309,515,700,1177,1953,186,748,3993,622,259,406,3428,2479,6690,2122,1251,375,1214,2498,3052
Elixir,193,189,1438,1096,70,66,125,158,922,287,198,150,255,93,140,193,576,310,300,284,57,119,82,139,84,77,116,182,74,105,459,201,1085,64,177,139,382,1438,223,405,369,102,109,211,236,64,193,137,1281,452,448,80,813,76,174,465,72,55,142,429,362,1082,89,108,197,515,112,135,252,77,269,208,375,536,911,298,81,628,171,240,110,114,64,286,115,217,92,1184,162,47,73,207,660,89,104,64,262,706,651,95,560,469,119,338,728,451,122,140,298,150,157,75,164,331,61,112,605,135,77,73,581,231,1090,361,149,66,228,538,292
Emacs,500,556,4327,2482,466,98,283,286,1940,855,530,393,641,288,581,805,2120,1625,736,1531,76,207,153,777,177,135,69,236,108,142,671,656,2432,151,403,886,734,223,4327,156,644,108,202,445,756,100,325,162,3849,730,997,210,2012,210,401,671,137,144,836,1406,1638,2358,203,368,436,934,653,248,783,334,677,602,924,1519,3090,672,418,1250,918,1262,185,482,106,760,278,951,399,2075,443,65,186,858,2676,563,419,305,392,1398,935,177,561,434,133,712,1802,1503,254,459,837,165,231,167,574,551,128,446,1028,402,220,207,1789,997,2286,563,330,155,518,768,899
Erlang,129,134,651,478,52,65,87,112,401,167,128,112,149,84,150,125,363,273,197,241,62,102,72,105,64,77,70,106,71,59,198,136,473,62,115,125,201,405,156,651,172,89,62,117,149,51,97,70,572,238,226,89,379,71,152,186,66,60,110,243,276,463,75,79,133,253,109,95,178,81,170,151,208,293,390,124,81,314,146,169,81,103,54,195,76,147,103,474,131,35,62,159,382,92,106,59,128,272,272,61,217,152,59,186,358,255,107,100,171,72,104,61,131,149,45,94,246,90,63,79,311,160,425,158,87,56,119,190,184
Express,2451,2513,15010,10351,1237,91,1660,1961,7514,4828,4484,2460,1112,501,924,2717,4583,3297,3934,3723,110,461,255,220,1413,390,94,1587,219,606,3301,2216,8690,481,1685,2684,2421,369,644,172,15010,163,642,4392,2545,345,2094,1367,13868,2088,4846,482,11586,428,387,5508,441,312,1756,5104,5899,14163,128,949,1562,3059,202,1938,3226,686,3406,3109,8765,8451,7400,955,1449,13207,4106,2893,555,1629,231,4625,1606,2428,323,7161,1823,117,404,2847,7386,867,606,480,3235,9936,4484,692,1208,1008,287,1188,8055,4947,419,2149,3791,807,974,717,1755,1254,180,885,8998,1749,587,639,4135,4561,13291,4073,2608,526,2469,5153,5541
F#,634,483,804,582,81,61,283,493,318,187,217,142,105,82,134,113,329,258,639,290,65,76,49,89,64,61,61,102,77,57,155,95,470,52,102,134,172,102,108,89,163,804,57,114,126,45,96,69,691,188,196,69,458,60,142,138,62,58,130,239,280,568,73,85,139,206,95,59,140,99,428,452,222,278,304,103,89,337,274,178,83,119,54,166,79,155,83,393,304,48,51,165,394,90,114,74,111,357,200,264,112,70,39,189,480,323,98,82,148,85,107,56,136,116,38,93,428,147,88,125,223,545,703,163,102,151,123,196,216
FastAPI,334,337,2447,1857,248,65,223,279,1418,598,480,272,399,280,192,434,1000,615,486,651,49,165,85,76,147,100,51,261,63,111,603,990,1838,103,349,358,637,109,202,62,642,57,2447,479,1352,97,334,197,2227,520,936,130,1373,210,108,717,146,103,892,802,814,1697,97,525,234,812,75,211,483,176,655,480,1032,1203,914,253,213,995,569,1276,110,299,101,464,201,1220,101,1604,315,60,106,1136,2198,278,240,181,322,1063,997,132,193,188,85,341,1362,1154,148,306,628,186,155,125,691,414,67,548,913,237,132,144,923,584,1898,642,300,107,292,568,620
Firebase,1889,2117,11373,8433,695,94,1492,1547,4994,6037,3469,1834,616,448,757,2325,2679,2808,3155,3156,93,370,177,183,1350,318,85,2454,277,345,2223,1865,5083,380,1123,2564,1611,211,445,117,4392,114,479,11373,1905,269,3096,873,10053,1277,5766,381,7988,375,254,3602,399,248,1665,4373,5465,9204,139,1007,2181,1836,152,1563,2229,717,2648,2646,4920,6576,5128,525,1655,6621,3637,2475,758,1457,245,3630,1320,2112,226,4468,1259,76,253,2594,5529,691,596,493,2644,5802,2453,491,828,704,221,654,5742,4767,254,1536,3290,507,1424,482,1775,660,165,842,5422,1635,537,586,2530,3954,9409,2692,1653,673,3007,3091,3957
Flask,1275,1357,10174,6762,1090,73,760,870,4902,2687,1654,1009,1313,815,893,2093,4146,3152,2200,3343,82,428,239,195,474,238,77,929,167,232,1885,3881,6255,283,1077,1824,1884,236,756,149,2545,126,1352,1905,10174,163,1284,505,9205,1745,3286,412,6273,669,380,2915,392,213,3417,3468,3993,7140,231,1866,952,2361,242,761,2049,805,2283,1891,3752,5405,4397,870,876,4138,2944,5282,307,1148,207,2224,673,4779,399,5472,1280,98,324,4619,9632,1259,973,751,1178,3959,2903,379,815,639,199,1047,5602,4950,430,1249,2983,379,516,326,2639,1148,132,1761,2979,1146,448,500,3899,2727,7796,1931,1005,302,1081,1935,3063
Flow,250,287,929,694,92,60,211,212,476,375,258,208,135,110,99,234,312,222,315,267,42,86,89,44,124,75,45,109,55,90,218,176,552,78,133,230,187,64,100,51,345,45,97,269,163,929,168,122,814,147,357,63,621,90,61,261,88,66,166,343,384,731,38,97,153,252,47,160,217,79,328,302,357,529,401,96,145,520,323,207,98,193,78,322,163,174,60,426,190,53,101,207,431,100,85,89,281,548,290,86,144,127,68,99,501,363,67,160,292,81,129,94,161,142,58,114,426,168,103,92,303,366,715,237,167,116,223,374,365
Flutter,1202,1264,6586,4367,346,66,821,898,2612,4457,1646,915,401,276,510,1330,1549,1900,1980,2085,58,213,123,114,660,161,77,4364,159,273,1312,1301,3066,213,502,1494,755,193,325,97,2094,96,334,3096,1284,168,6586,381,5849,1026,2728,229,4209,268,193,1849,249,137,1071,2902,3260,4837,109,702,1578,1095,102,1031,1397,421,1456,1469,2565,3742,2338,425,911,3197,2047,1633,418,868,155,2131,830,1402,134,2605,729,56,162,1715,3574,567,344,302,1468,2810,1329,358,463,399,159,630,3298,3049,166,933,1786,350,840,320,1171,385,99,577,2591,1118,439,298,1543,2439,5565,1623,875,496,1801,1536,2141
Gatsby,396,371,2501,1900,182,45,301,351,1426,723,677,430,271,124,134,450,849,439,581,470,44,111,91,90,220,94,45,279,55,175,754,478,1631,183,406,328,493,137,162,70,1367,69,197,873,505,122,381,2501,2334,445,944,111,2045,98,104,991,115,68,299,748,828,2342,52,200,259,619,62,360,587,124,637,496,1195,1333,1177,246,211,1852,554,479,146,246,79,774,325,431,82,1366,356,58,137,481,1190,146,125,109,777,2224,835,144,376,345,110,259,1228,834,109,345,639,260,219,201,351,364,69,178,1655,267,126,110,770,634,2194,754,466,119,531,1318,902
Git,13237,13719,68171,39707,6835,280,8251,9989,26095,15518,12848,6377,5158,2483,3967,9036,20467,14495,19289,16666,318,1611,890,1357,3068,962,360,4406,1172,959,8611,8420,33439,1342,4688,10829,8603,1281,3849,572,13868,691,2227,10053,9205,814,5849,2334,68171,7288,14606,2291,39564,1884,1551,11782,1152,1182,8856,21017,24934,46360,910,4294,6137,11268,971,5716,10870,3219,14565,15770,17613,30072,43771,3794,4842,25339,19996,14249,1990,7431,791,15480,5508,11851,1743,25789,7844,328,1214,13472,33813,4281,3347,2570,6402,22952,13532,2996,5041,4067,1112,5352,33364,19924,1913,8380,14403,1599,3622,2209,7027,5101,582,4271,22683,6028,1974,2829,18090,22059,49921,10972,6019,2433,7951,12401,18769
Go,1296,1136,7879,5735,945,74,629,918,4378,1787,1433,752,1496,480,749,1076,3788,2335,1961,2372,86,536,313,298,355,313,145,905,181,315,1737,1355,6011,204,1176,1061,2053,452,730,238,2088,188,520,1277,1745,147,1026,445,7288,7879,2781,541,4320,383,414,1506,255,178,1089,3187,3314,5595,183,577,1095,3140,246,695,1763,360,1854,1372,2764,3701,4592,1011,495,3773,1608,1834,337,765,186,1885,733,1553,431,4584,1081,143,349,1823,4975,653,468,289,923,3301,3167,475,1143,789,249,1621,4148,2892,484,1204,1718,444,551,339,1069,1775,133,687,3278,755,340,294,3327,1829,6038,1817,956,271,999,2003,1858
Google Cloud Platform,2660,2876,16687,16687,1322,145,1798,2002,8533,5884,3885,2194,1622,994,1091,2920,5349,3943,4121,4371,154,707,374,423,1309,444,122,2109,338,403,3338,2835,9410,528,1609,3123,2969,448,997,226,4846,196,936,5766,3286,357,2728,944,14606,2781,16687,671,10397,795,413,3925,685,376,2916,5982,7098,12298,273,1727,2266,4591,261,1812,3315,1012,4515,3588,5942,9083,7813,965,1683,8055,4816,4449,775,2034,449,4691,1639,3926,534,7594,1969,173,491,4027,9358,1104,1142,871,2532,6940,4418,698,1488,1243,368,1342,8706,6073,663,2254,4315,619,1384,713,2858,1973,244,1712,6590,1911,750,858,4771,4930,12618,3411,1948,777,3113,3889,5205
Groovy,382,419,2479,1742,488,59,244,261,1341,708,620,372,583,249,194,429,1391,592,600,613,77,217,153,123,160,121,60,214,104,61,324,287,1790,90,406,712,711,80,210,89,482,69,130,381,412,63,229,111,2291,541,671,2479,1404,218,119,340,107,147,303,1636,1922,1714,61,152,683,939,98,136,550,149,629,635,798,1222,1586,147,271,1079,933,429,149,637,99,511,186,387,182,1271,520,43,149,603,1412,159,160,111,248,836,754,154,314,175,86,218,1523,799,259,1058,640,72,208,95,257,515,77,160,976,213,86,179,1030,625,1643,390,322,104,335,486,746
HTML/CSS,9780,10608,46259,26570,3665,234,7229,7783,16935,11730,10800,5611,2880,1287,2946,7244,13968,10171,14833,11385,302,886,532,639,2793,651,308,3204,898,785,6497,6238,20417,1220,2959,8255,5473,813,2012,379,11586,458,1373,7988,6273,621,4209,2045,39564,4320,10397,1404,46259,1035,1038,9393,876,873,5526,13107,17354,40818,427,2606,3706,6284,655,4995,8717,2330,10261,12256,13328,23812,28624,2118,4269,21795,15420,8693,1358,5531,619,14704,4721,7123,1288,17064,6406,200,780,8893,22361,2605,2176,1598,5178,18479,8895,1979,3590,2920,758,2892,27005,14269,937,5240,10979,1367,2339,1912,4513,2693,442,2520,18681,4832,1585,2621,10977,16807,35937,9173,4770,1929,5583,9489,17761
Hadoop,332,387,2155,1631,430,57,291,266,1239,599,493,357,409,1193,226,456,904,687,497,733,68,351,143,84,179,163,50,165,77,73,294,539,1438,112,360,721,663,76,210,71,428,60,210,375,669,90,268,98,1884,383,795,218,1035,2155,98,400,181,172,896,1179,1330,1207,94,597,268,805,94,208,501,279,727,715,917,1387,781,154,364,744,902,1185,107,674,107,487,217,1204,142,1161,319,54,150,919,1674,240,434,376,264,665,663,111,204,173,84,167,1482,819,544,601,715,88,147,119,696,343,75,489,537,224,117,192,900,639,1440,355,244,124,277,557,645
Haskell,360,332,1749,923,99,81,174,225,666,437,276,187,202,132,446,315,908,925,546,840,65,109,66,164,99,72,72,180,84,104,313,313,967,70,158,336,253,174,401,152,387,142,108,254,380,61,193,104,1551,414,413,119,1038,98,1749,391,83,63,377,731,919,1173,141,208,313,328,222,128,336,234,337,292,487,702,1127,367,151,739,414,675,109,182,64,413,144,485,141,865,273,42,65,448,1258,233,257,154,206,680,380,139,256,157,56,560,834,706,216,231,359,102,157,90,331,165,54,268,655,271,114,121,780,487,1208,336,170,105,202,356,403
Heroku,1728,1836,12897,8390,737,86,1179,1329,6220,4130,2800,1562,806,457,855,2855,3491,3003,2942,3342,91,380,261,310,905,275,145,1376,176,386,2966,2954,6498,407,1039,2409,1820,465,671,186,5508,138,717,3602,2915,261,1849,991,11782,1506,3925,340,9393,400,391,12897,435,234,2163,4198,4943,10876,173,1178,1311,1990,202,1540,2314,721,2557,2264,6060,7087,5811,945,1356,7493,3384,3252,474,1410,252,3590,1219,2823,270,7107,1269,85,289,3196,7129,898,692,563,2407,7108,3615,496,2205,2036,523,891,6600,4970,354,1657,3914,555,843,498,1862,906,194,1012,5207,1562,562,570,3524,3768,10721,3010,1662,469,1955,3950,4591
IBM Cloud or Watson,277,322,1373,1042,223,76,242,227,755,523,406,313,208,206,204,367,528,488,397,504,64,145,95,64,176,116,58,179,75,92,339,345,776,123,186,469,294,72,137,66,441,62,146,399,392,88,249,115,1152,255,685,107,876,181,83,435,1373,250,460,526,713,962,68,307,192,452,71,192,359,182,588,428,589,831,551,105,247,669,560,592,124,327,179,443,172,541,116,628,271,50,101,445,926,197,214,172,246,554,354,84,176,158,71,139,783,585,99,282,448,87,156,110,422,148,71,278,484,240,138,163,460,504,1040,315,219,146,276,300,494
IBM DB2,347,460,1438,886,325,72,338,291,575,385,518,333,198,173,182,264,540,402,495,422,149,127,86,65,149,105,51,93,142,66,209,207,734,102,164,659,285,55,144,60,312,58,103,248,213,66,137,68,1182,178,376,147,873,172,63,234,250,1438,261,630,929,986,53,131,150,384,67,146,371,136,500,761,435,811,833,97,274,527,767,317,102,625,111,378,154,302,140,632,318,40,106,318,678,139,159,127,150,415,292,84,136,117,66,97,1031,531,110,511,352,63,106,88,188,146,64,134,527,130,78,255,447,575,1007,245,177,114,215,241,604
IPython/Jupyter,1167,1375,10310,5997,1141,94,785,778,3994,2848,1327,821,814,1115,967,2513,3791,3455,2069,3863,88,374,159,176,348,162,58,769,130,170,1185,2754,5013,200,753,2446,1315,142,836,110,1756,130,892,1665,3417,166,1071,299,8856,1089,2916,303,5526,896,377,2163,460,261,10310,3840,4142,5863,483,2828,846,1743,240,574,1458,1471,2130,2079,2924,4987,5509,745,1211,3237,3646,7449,286,1422,208,1838,622,6838,335,4163,1287,69,218,5067,9579,1210,1749,1499,925,2991,1771,339,516,393,167,860,5465,4059,536,1048,3237,232,469,210,3765,719,152,2503,2185,1146,461,628,3541,3203,7646,1250,889,286,1058,1472,2507
IntelliJ,3606,3929,23467,14139,2740,122,2208,2449,9887,8464,5487,2801,2195,1498,1744,4413,7493,5849,5900,6505,165,1048,429,746,1241,551,106,2222,365,403,3037,3125,13014,525,2200,6386,3860,429,1406,243,5104,239,802,4373,3468,343,2902,748,21017,3187,5982,1636,13107,1179,731,4198,526,630,3840,23467,17177,15853,257,1720,4623,5301,384,1983,4387,1320,4637,4878,7113,12151,15112,1327,3162,9234,8126,5275,850,4126,384,5482,2787,4374,585,10383,2559,137,521,7734,12491,1565,1179,1041,2503,8369,5072,1584,1438,1077,573,2074,12482,7551,1591,7086,6330,585,1487,915,2877,2237,299,1635,8417,2761,961,1025,7002,7178,16505,3869,3951,896,3161,4328,6593
Java,4708,5543,29162,16419,3366,169,3202,3216,11045,10836,6546,3574,2354,1584,2634,5016,9280,8776,8218,9538,273,1144,473,642,1561,604,159,2540,596,412,3274,3598,13871,612,2284,10032,4055,362,1638,276,5899,280,814,5465,3993,384,3260,828,24934,3314,7098,1922,17354,1330,919,4943,713,929,4142,17177,29162,20378,324,2172,5206,5423,527,2295,5353,1945,5709,6694,8484,15862,19157,1409,4350,11324,10906,6499,1247,5866,541,7495,2426,5193,963,11498,3457,116,579,7325,15599,1993,1681,1254,3021,9357,5197,1275,1769,1189,447,2105,16293,9749,1419,8642,7342,602,1972,958,3614,2076,311,2032,9356,3535,1215,1636,7962,9652,20589,4247,3236,1169,3846,4475,8815
JavaScript,11143,11818,53587,32242,4597,265,8048,8911,21209,13262,12533,6581,3640,1562,3112,7765,15460,10845,16624,12326,319,1204,664,878,3196,828,355,3646,959,919,7727,6948,25370,1310,3928,9038,6967,1082,2358,463,14163,568,1697,9204,7140,731,4837,2342,46360,5595,12298,1714,40818,1207,1173,10876,962,986,5863,15853,20378,53587,473,2890,4482,8321,698,5657,9804,2327,12104,13875,16149,26842,32744,2613,4502,26262,16610,9535,1605,6281,680,15965,5341,7888,1400,20940,6944,248,934,9728,24974,2831,2273,1626,6461,23071,11395,2330,4393,3582,941,3599,29709,15984,1261,6626,12059,1565,2789,2155,5047,3566,500,2773,22542,5172,1673,2687,12954,18498,41880,10974,5843,2101,6580,11668,19990
Julia,130,134,1068,513,104,64,69,74,364,195,105,78,88,111,181,317,470,436,213,482,60,74,45,94,54,54,63,111,70,60,163,166,451,43,84,147,119,89,203,75,128,73,97,139,231,38,109,52,910,183,273,61,427,94,141,173,68,53,483,257,324,473,1068,234,138,161,112,67,154,279,195,151,214,351,739,173,82,280,242,642,73,115,57,176,72,513,99,385,152,35,42,285,856,161,341,220,93,251,162,55,125,78,41,240,409,372,107,84,244,69,95,45,313,73,47,300,223,106,76,99,414,249,760,148,84,53,110,139,178
Keras,635,700,4930,3135,506,57,412,425,2028,1545,700,427,343,635,531,1130,1686,1888,1118,2200,57,239,92,101,241,128,57,492,85,112,677,1404,2532,117,376,1137,708,108,368,79,949,85,525,1007,1866,97,702,200,4294,577,1727,152,2606,597,208,1178,307,131,2828,1720,2172,2890,234,4930,504,928,146,337,753,858,1163,978,1719,2565,2198,313,587,1664,1651,4580,160,658,116,956,322,4023,160,2018,631,48,115,2354,4640,729,995,769,583,1535,916,179,269,221,89,462,2557,1972,288,547,1514,153,283,144,4173,306,74,2211,1119,727,283,281,1589,1588,3623,670,413,166,523,713,1173
Kotlin,1207,1283,6866,4390,606,77,709,826,2871,4581,1468,785,547,331,580,1164,2147,1865,2003,2049,88,297,150,201,428,183,89,1312,160,185,950,909,3488,152,662,1440,1028,197,436,133,1562,139,234,2181,952,153,1578,259,6137,1095,2266,683,3706,268,313,1311,192,150,846,4623,5206,4482,138,504,6866,1448,164,657,1294,420,1470,1371,2111,3380,4185,435,777,2969,2014,1327,592,966,152,1717,700,1071,224,2945,806,60,163,1808,3413,516,374,262,1044,2495,1453,529,587,377,169,791,3448,3240,401,1766,1734,252,1215,253,885,667,119,477,2655,981,377,313,1861,2113,4730,1217,941,426,1673,1354,1668
Kubernetes,2443,2080,12115,10063,1789,89,1380,2085,7283,2498,2995,1482,2419,1035,606,1526,5230,2129,3151,2316,103,913,482,475,668,466,107,770,184,337,2211,1825,11080,334,1646,1987,3771,515,934,253,3059,206,812,1836,2361,252,1095,619,11268,3140,4591,939,6284,805,328,1990,452,384,1743,5301,5423,8321,161,928,1448,12115,239,886,2396,442,3991,2999,4429,5661,6416,930,828,5383,3206,2664,393,1813,293,2315,963,2497,471,7180,1796,223,601,2749,6617,611,631,472,1395,5014,5035,777,1415,1171,364,1322,6690,3565,871,2846,2595,405,638,531,1631,3091,203,995,5207,846,382,437,4535,3137,8992,2313,1448,505,1498,2963,2985
LISP,198,220,1096,591,107,83,130,120,452,250,162,134,177,113,333,196,668,619,301,525,74,86,62,236,76,61,59,102,95,63,227,200,600,75,114,243,196,112,653,109,202,95,75,152,242,47,102,62,971,246,261,98,655,94,222,202,71,67,240,384,527,698,112,146,164,239,1096,88,256,189,233,226,284,455,704,202,145,420,275,402,110,175,66,296,85,291,168,543,182,38,67,226,756,190,191,117,126,376,259,67,211,129,53,281,568,484,132,140,210,76,116,71,210,139,55,175,345,133,81,141,466,276,567,176,97,73,149,208,288
Laravel,933,1167,6377,4049,232,64,827,776,3068,2395,1778,1196,538,253,378,1287,1588,1261,1667,1443,79,193,143,76,792,163,60,727,188,146,1975,1025,3306,510,456,1319,1054,135,248,95,1938,59,211,1563,761,160,1031,360,5716,695,1812,136,4995,208,128,1540,192,146,574,1983,2295,5657,67,337,657,886,88,6377,2892,311,1260,1581,2287,5661,3561,230,1171,3226,2257,924,319,800,168,5811,2836,811,255,2555,712,55,219,1261,2578,428,269,219,1142,2667,1960,253,452,430,158,249,4456,2617,127,714,2465,228,474,1056,642,347,128,324,2359,729,300,391,1642,2029,5020,3010,1053,363,1086,1726,3919
MariaDB,2118,2448,12088,7323,785,88,1446,1541,5284,3765,2867,1691,1606,573,1039,2324,4755,3251,3436,3395,135,545,310,204,1082,356,117,1067,464,292,2652,1945,7122,747,959,2749,2382,252,783,178,3226,140,483,2229,2049,217,1397,587,10870,1763,3315,550,8717,501,336,2314,359,371,1458,4387,5353,9804,154,753,1294,2396,256,2892,12088,671,2718,3289,4363,9331,7107,820,1733,5741,4419,2357,492,1959,289,7019,2810,1952,741,5354,1771,87,502,2740,6287,1104,689,540,1509,4204,3635,609,1067,819,292,964,8376,5430,366,1909,3422,400,674,1384,1354,1026,216,723,4371,1293,543,863,4157,3847,8747,3361,1630,625,1674,2865,5830
Matlab,633,819,3846,1868,317,88,461,401,1118,1212,610,453,228,275,890,943,1487,2227,1187,2349,84,150,70,74,210,97,63,338,158,82,434,795,1467,141,200,1230,360,77,334,81,686,99,176,717,805,79,421,124,3219,360,1012,149,2330,279,234,721,182,136,1471,1320,1945,2327,279,858,420,442,189,311,671,3846,760,906,1121,2007,2408,234,626,1401,1700,2295,231,637,103,1061,315,1769,236,1258,712,43,94,1452,3171,702,837,548,386,1037,475,145,282,190,82,355,2086,1409,183,439,1131,86,268,140,1223,144,79,832,893,568,235,456,1215,1646,2772,506,342,203,494,491,1111
Microsoft Azure,7628,7195,16540,16540,2214,136,5293,6599,7046,4084,4935,2501,1437,939,935,2012,4759,3064,9316,3648,180,614,348,252,1097,388,129,1068,467,302,2275,1872,8941,463,1271,2776,2691,269,677,170,3406,428,655,2648,2283,328,1456,637,14565,1854,4515,629,10261,727,337,2557,588,500,2130,4637,5709,12104,195,1163,1470,3991,233,1260,2718,760,16540,8936,5072,7411,5767,690,1400,6656,6702,3172,603,2585,418,3550,1197,2856,454,6257,4037,197,408,2995,7307,926,959,778,1767,5832,3770,1434,963,725,240,1025,10146,5491,574,2110,3078,441,969,524,1902,1728,195,1174,7188,1625,646,1280,3681,9534,13463,2932,1613,1568,2283,2974,5755
Microsoft SQL Server,9869,10592,18896,12847,2060,142,7852,8591,6348,4637,5486,2989,1134,890,1091,2120,4546,3366,12754,4185,223,541,314,191,1193,365,178,1067,905,223,1918,1761,8232,516,1219,3792,2556,208,602,151,3109,452,480,2646,1891,302,1469,496,15770,1372,3588,635,12256,715,292,2264,428,761,2079,4878,6694,13875,151,978,1371,2999,226,1581,3289,906,8936,18896,4747,8911,8656,489,2161,6603,9214,3003,599,3733,334,4530,1487,2758,543,6294,4730,125,398,3162,7267,971,1085,910,1617,5521,3481,1670,853,663,252,698,14084,6454,479,2338,3670,336,847,619,1637,1222,196,905,7315,1736,584,2175,3410,13161,14821,2976,1613,1787,2140,2702,7720
MongoDB,3694,3715,19479,13446,1727,105,2519,2974,9546,5963,5525,3040,1751,976,1292,3538,5807,4517,5539,5150,151,839,384,296,1503,553,127,1892,341,550,3773,3283,11363,596,2006,4022,3758,375,924,208,8765,222,1032,4920,3752,357,2565,1195,17613,2764,5942,798,13328,917,487,6060,589,435,2924,7113,8484,16149,214,1719,2111,4429,284,2287,4363,1121,5072,4747,19479,11252,9775,1081,2085,12198,6032,4559,721,2758,328,5585,2045,4024,499,8869,2531,104,527,4648,10435,1321,1072,828,3371,10061,5924,945,1472,1176,367,1429,10188,6690,742,3252,5134,743,1213,903,2829,1661,230,1551,9103,2129,781,942,5326,6453,15991,4500,2817,863,2830,5108,6735
MySQL,6114,7207,35289,21457,2740,177,4680,4651,14978,10626,7780,4584,2750,1589,2374,6181,9883,8670,9867,9555,276,1052,605,401,2352,628,215,2701,912,517,5636,5466,16793,1258,2631,8152,5080,536,1519,293,8451,278,1203,6576,5405,529,3742,1333,30072,3701,9083,1222,23812,1387,702,7087,831,811,4987,12151,15862,26842,351,2565,3380,5661,455,5661,9331,2007,7411,8911,11252,35289,21436,1412,4487,14759,12528,7627,1260,5444,615,15007,5204,6612,1205,13391,4139,166,839,8146,17763,2390,2042,1586,4186,12479,7994,1283,2744,2303,692,1785,22383,13289,1036,5390,9847,766,1952,2101,4266,2414,424,2336,11413,3671,1312,2219,9138,12011,26171,7103,3745,1561,4624,6668,14148
NA,5745,7351,57621,22325,5573,369,3375,3329,15227,9440,7021,3255,3467,1052,2955,6472,14556,11479,10956,13333,241,919,490,1123,934,524,291,1949,1203,455,4476,4517,20517,775,2365,8178,4905,911,3090,390,7400,304,914,5128,4397,401,2338,1177,43771,4592,7813,1586,28624,781,1127,5811,551,833,5509,15112,19157,32744,739,2198,4185,6416,704,3561,7107,2408,5767,8656,9775,21436,57621,2713,3245,15078,15065,8251,1299,5254,481,11187,3692,6309,1330,16373,4163,151,687,9319,25486,2733,2587,1938,1608,13294,7614,1207,3622,2762,728,3934,22866,12399,1223,5723,10410,860,2490,1431,3452,2881,383,2161,13063,4051,1236,2261,12963,14515,36573,6481,3429,933,4643,6702,11938
Neovim,519,475,4071,2310,328,62,217,311,1743,798,463,272,600,205,515,639,2104,1488,745,1441,50,147,144,212,153,106,97,335,69,185,825,645,2544,90,343,516,643,298,672,124,955,103,253,525,870,96,425,246,3794,1011,965,147,2118,154,367,945,105,97,745,1327,1409,2613,173,313,435,930,202,230,820,234,690,489,1081,1412,2713,4071,246,1611,594,1189,122,278,94,666,245,903,173,2084,401,66,147,837,2644,459,268,206,406,1580,1140,231,573,472,134,1320,1672,1481,216,383,724,274,217,132,510,544,96,378,1444,424,184,129,2429,843,2751,700,353,119,407,1077,743
NetBeans,1295,1824,5839,3291,413,72,1262,977,2103,3135,1724,1312,388,398,748,2010,1488,2348,2188,2484,128,264,145,72,679,180,66,670,296,120,881,1038,2317,379,406,3487,742,81,418,81,1449,89,213,1655,876,145,911,211,4842,495,1683,271,4269,364,151,1356,247,274,1211,3162,4350,4502,82,587,777,828,145,1171,1733,626,1400,2161,2085,4487,3245,246,5839,2484,3889,1470,357,1698,199,2905,1157,1219,296,2285,887,47,202,2062,3049,610,481,502,907,1978,983,266,411,356,168,206,3928,2677,216,1387,2725,134,450,459,929,246,169,504,1773,930,384,704,1758,3232,4629,1119,892,524,1109,1027,3067
Node.js,5597,5666,27975,18793,2428,135,3710,4362,13075,8144,7768,4223,2147,902,1846,4594,9436,6160,8535,7057,186,769,431,458,2254,588,186,2477,461,810,4984,3686,15499,823,2964,4887,4362,628,1250,314,13207,337,995,6621,4138,520,3197,1852,25339,3773,8055,1079,21795,744,739,7493,669,527,3237,9234,11324,26262,280,1664,2969,5383,420,3226,5741,1401,6656,6603,12198,14759,15078,1611,2484,27975,8253,5297,1048,3116,409,8743,2946,4355,774,12328,4218,194,630,5256,14126,1598,1266,893,4745,15772,7354,1341,2322,1782,493,2340,15713,9069,766,3704,6429,1237,1795,1297,3096,2405,294,1650,15629,3198,1086,1354,7486,9348,23775,6934,4053,1092,4248,8128,10032
Notepad++,7113,8469,24262,13143,2778,160,5313,5316,7546,7294,5530,3371,1402,1024,1977,4622,6525,6539,10366,7833,237,604,326,139,1505,385,141,1462,914,266,2375,2723,9367,700,1231,7460,2667,171,918,146,4106,274,569,3637,2944,323,2047,554,19996,1608,4816,933,15420,902,414,3384,560,767,3646,8126,10906,16610,242,1651,2014,3206,275,2257,4419,1700,6702,9214,6032,12528,15065,594,3889,8253,24262,5121,716,4578,423,7052,2390,4142,748,7356,4831,96,440,5936,11853,2006,1465,1340,2082,6416,3446,1205,948,696,280,953,14490,7987,547,3570,6352,365,927,872,2725,1021,281,1507,7115,3050,1154,2240,5697,13225,17999,3435,2257,1483,2616,3037,9274
NumPy,2088,2353,16445,9262,1706,109,1160,1239,6179,4073,2034,1207,1228,1423,1649,3320,5948,5776,3618,6654,109,516,224,258,537,247,86,1172,212,255,1969,4168,7892,292,1135,3220,1987,240,1262,169,2893,178,1276,2475,5282,207,1633,479,14249,1834,4449,429,8693,1185,675,3252,592,317,7449,5275,6499,9535,642,4580,1327,2664,402,924,2357,2295,3172,3003,4559,7627,8251,1189,1470,5297,5121,16445,403,1902,251,2995,864,12018,492,6550,1997,92,320,7079,15494,2268,2406,1813,1512,4745,2864,536,887,673,215,1629,8167,6238,691,1572,4376,371,761,375,6316,1072,147,4120,3617,2056,737,937,5400,4929,11893,2139,1215,438,1509,2225,3854
Objective-C,512,615,2310,1518,203,65,377,380,1098,1249,496,414,194,122,333,510,831,976,859,1014,76,121,89,84,333,102,70,321,139,81,447,328,1004,134,249,609,343,110,185,81,555,83,110,758,307,98,418,146,1990,337,775,149,1358,107,109,474,124,102,286,850,1247,1605,73,160,592,393,110,319,492,231,603,599,721,1260,1299,122,357,1048,716,403,2310,364,85,837,317,307,198,861,361,41,98,497,1068,281,194,134,575,818,520,149,377,228,98,201,1126,1247,113,310,751,85,1445,161,324,155,124,196,864,395,180,242,683,913,1580,427,318,284,1821,521,787
Oracle,2111,2677,8868,5243,1468,112,1919,1688,3343,2680,2687,1629,852,690,746,1573,2707,2463,3187,2584,183,465,221,158,662,263,97,602,456,123,948,1188,4291,346,658,3501,1437,114,482,103,1629,119,299,1457,1148,193,868,246,7431,765,2034,637,5531,674,182,1410,327,625,1422,4126,5866,6281,115,658,966,1813,175,800,1959,637,2585,3733,2758,5444,5254,278,1698,3116,4578,1902,364,8868,529,2522,812,1722,487,3806,1524,58,284,2158,4211,598,687,574,923,2650,1654,378,526,419,166,346,6452,3285,432,2838,2403,177,479,384,1092,571,159,620,2876,807,354,973,2394,3801,6316,1355,925,561,1070,1335,3556
Oracle Cloud Infrastructure,241,280,1014,713,176,77,195,184,504,360,255,193,193,133,141,247,424,309,279,315,59,106,90,62,124,70,54,110,81,67,251,202,540,89,137,337,215,64,106,54,231,54,101,245,207,78,155,79,791,186,449,99,619,107,64,252,179,111,208,384,541,680,57,116,152,293,66,168,289,103,418,334,328,615,481,94,199,409,423,251,85,529,1014,310,143,229,101,433,217,45,92,289,565,117,123,101,163,360,249,67,123,113,66,116,628,408,79,248,299,82,109,86,179,165,68,124,318,166,109,123,342,366,708,223,139,108,199,213,403
PHP,3035,3866,18130,10414,847,120,2428,2220,7249,6132,4215,2773,1439,590,1469,3580,5499,4685,5415,5125,198,448,293,176,1678,348,153,1576,633,315,3685,2421,8355,1172,1062,4147,2522,286,760,195,4625,166,464,3630,2224,322,2131,774,15480,1885,4691,511,14704,487,413,3590,443,378,1838,5482,7495,15965,176,956,1717,2315,296,5811,7019,1061,3550,4530,5585,15007,11187,666,2905,8743,7052,2995,837,2522,310,18130,5422,2388,895,6601,2537,80,494,3609,8540,1231,940,652,2431,6599,4140,652,1311,994,333,912,12884,6873,372,1891,5761,482,1161,2272,1797,908,277,913,6265,2199,812,1456,4775,6345,13477,5068,2329,929,2690,3839,10075
PHPStorm,1026,1224,6096,3703,231,59,810,794,2757,2233,1613,1042,586,249,407,1351,1786,1283,1712,1446,76,194,141,67,658,167,51,595,201,147,1568,817,3446,550,439,1433,1167,115,278,76,1606,79,201,1320,673,163,830,325,5508,733,1639,186,4721,217,144,1219,172,154,622,2787,2426,5341,72,322,700,963,85,2836,2810,315,1197,1487,2045,5204,3692,245,1157,2946,2390,864,317,812,143,5422,6096,706,248,2376,752,61,219,2032,2473,457,237,245,896,2367,1864,539,398,353,284,304,4231,2381,138,761,2177,194,442,1509,586,385,175,320,2339,765,344,385,1770,2041,4082,2310,2025,393,1046,1715,3557
Pandas,1576,1750,13664,8309,1606,98,958,1037,5623,3218,1769,1017,1092,1483,1134,2718,4829,4196,2734,4765,101,495,205,236,458,239,78,996,174,213,1725,3752,6916,237,1106,2546,1895,217,951,147,2428,155,1220,2112,4779,174,1402,431,11851,1553,3926,387,7123,1204,485,2823,541,302,6838,4374,5193,7888,513,4023,1071,2497,291,811,1952,1769,2856,2758,4024,6612,6309,903,1219,4355,4142,12018,307,1722,229,2388,706,13664,419,5932,1669,97,288,6084,12920,1636,2250,1724,1253,4068,2632,417,744,582,197,1179,7337,5289,678,1392,3707,302,589,304,5329,1056,138,3429,3068,1414,507,847,4422,3753,9898,1741,1027,325,1218,1904,3175
Perl,353,453,2028,1164,309,65,278,235,894,473,341,305,414,154,394,378,1331,1018,562,907,99,142,125,99,158,98,72,120,163,57,326,334,1114,171,192,585,420,92,399,103,323,83,101,226,399,60,134,82,1743,431,534,182,1288,142,141,270,116,140,335,585,963,1400,99,160,224,471,168,255,741,236,454,543,499,1205,1330,173,296,774,748,492,198,487,101,895,248,419,2028,952,481,39,183,463,1366,283,279,185,180,503,505,89,378,221,79,241,1298,949,146,320,493,66,180,165,278,227,85,186,522,177,97,296,1172,619,1095,353,177,119,281,306,823
PostgreSQL,4611,4384,28424,19630,2569,142,2822,3715,14977,6450,6079,3136,3439,1517,1697,3923,9981,5748,6767,6219,199,1146,578,976,1419,592,255,1953,627,567,5310,5716,18737,728,2883,4777,5621,1184,2075,474,7161,393,1604,4468,5472,426,2605,1366,25789,4584,7594,1271,17064,1161,865,7107,628,632,4163,10383,11498,20940,385,2018,2945,7180,543,2555,5354,1258,6257,6294,8869,13391,16373,2084,2285,12328,7356,6550,861,3806,433,6601,2376,5932,952,28424,3137,225,764,6656,15878,1804,1678,1252,3364,11876,9353,1405,3980,3478,907,2783,16910,10510,1223,4988,6468,947,1500,1113,3315,3544,358,1967,11304,2132,799,1302,9029,7301,20782,5634,3203,979,3396,6916,8126
PowerShell,4201,4354,8871,6084,1103,95,2878,3333,3205,2238,2269,1317,869,434,950,1302,4453,2332,5333,2817,139,278,234,134,491,191,113,572,340,222,1085,1106,4685,270,704,1795,1375,162,443,131,1823,304,315,1259,1280,190,729,356,7844,1081,1969,520,6406,319,273,1269,271,318,1287,2559,3457,6944,152,631,806,1796,182,712,1771,712,4037,4730,2531,4139,4163,401,887,4218,4831,1997,361,1524,217,2537,752,1669,481,3137,8871,104,299,1930,5041,775,670,468,832,2966,1844,825,598,353,111,710,6253,3250,286,967,1854,260,463,375,1113,883,108,681,3884,1128,491,1168,2487,5679,7422,1640,842,749,947,1583,3473
Pulumi,146,118,368,357,33,44,84,127,282,79,104,67,126,63,47,72,190,67,160,71,34,53,67,54,44,41,35,47,35,65,103,78,316,44,129,68,130,47,65,35,117,48,60,76,98,53,56,58,328,143,173,43,200,54,42,85,50,40,69,137,116,248,35,48,60,223,38,55,87,43,197,125,104,166,151,66,47,194,96,92,41,58,45,80,61,97,39,225,104,368,72,95,213,48,44,43,73,179,163,71,70,58,44,69,202,123,51,69,88,47,52,46,67,195,43,53,231,63,57,44,156,138,294,90,70,60,73,147,88
Puppet,258,283,1313,1012,159,49,200,198,833,344,353,302,472,153,147,296,728,354,337,348,59,166,250,69,153,115,45,98,63,97,360,276,1027,151,232,320,517,73,186,62,404,51,106,253,324,101,162,137,1214,349,491,149,780,150,65,289,101,106,218,521,579,934,42,115,163,601,67,219,502,94,408,398,527,839,687,147,202,630,440,320,98,284,92,494,219,288,183,764,299,72,1313,323,811,167,119,111,218,560,585,84,313,238,99,169,780,561,119,283,425,95,120,161,217,429,84,151,485,161,116,120,684,381,927,357,179,128,248,416,532
PyCharm,2337,2713,15755,8853,1421,96,1426,1493,6115,4879,2442,1409,1391,1148,1344,3721,5114,4819,4048,5563,117,531,250,183,621,276,68,1278,275,235,2093,4616,7762,352,1212,3814,2181,207,858,159,2847,165,1136,2594,4619,207,1715,481,13472,1823,4027,603,8893,919,448,3196,445,318,5067,7734,7325,9728,285,2354,1808,2749,226,1261,2740,1452,2995,3162,4648,8146,9319,837,2062,5256,5936,7079,497,2158,289,3609,2032,6084,463,6656,1930,95,323,15755,14071,1811,1410,1269,1443,4759,3129,1119,818,587,427,1103,8190,6047,664,2063,5073,325,855,553,3465,1232,192,2213,3939,2151,803,880,4818,5611,11243,2323,2737,555,1843,2322,4272
Python,5767,6345,39792,21869,4109,211,3234,3712,14933,9158,5466,3104,3569,2183,3351,6650,14577,11960,9697,13543,221,1053,570,633,1332,569,215,2726,573,568,4917,8732,19168,722,2919,6967,5040,660,2676,382,7386,394,2198,5529,9632,431,3574,1190,33813,4975,9358,1412,22361,1674,1258,7129,926,678,9579,12491,15599,24974,856,4640,3413,6617,756,2578,6287,3171,7307,7267,10435,17763,25486,2644,3049,14126,11853,15494,1068,4211,565,8540,2473,12920,1366,15878,5041,213,811,14071,39792,3762,3389,2427,3317,11966,7504,1466,2543,1729,524,3806,19651,13508,1400,4078,9462,910,1896,1069,7118,3171,337,4491,10451,4407,1550,2071,12591,12028,28744,5678,3155,1150,3907,5756,9649
Qt,964,1188,4812,2233,384,70,511,504,1442,1519,677,508,418,241,866,1085,2083,2571,1484,3393,65,163,106,93,298,117,58,412,195,123,650,1152,2216,164,251,1290,488,89,563,92,867,90,278,691,1259,100,567,146,4281,653,1104,159,2605,240,233,898,197,139,1210,1565,1993,2831,161,729,516,611,190,428,1104,702,926,971,1321,2390,2733,459,610,1598,2006,2268,281,598,117,1231,457,1636,283,1804,775,48,167,1811,3762,4812,442,342,529,1282,789,276,349,258,109,669,2236,2359,159,496,1343,168,340,245,1216,209,87,770,1064,864,436,394,1885,2235,3429,815,460,322,654,701,1450
R,570,659,4185,2349,458,83,402,396,1580,912,593,400,285,485,529,898,1586,1461,958,1570,84,191,89,124,178,101,80,282,118,77,515,811,1794,143,273,913,469,104,419,106,606,114,240,596,973,85,344,125,3347,468,1142,160,2176,434,257,692,214,159,1749,1179,1681,2273,341,995,374,631,191,269,689,837,959,1085,1072,2042,2587,268,481,1266,1465,2406,194,687,123,940,237,2250,279,1678,670,44,119,1410,3389,442,4185,2450,373,1019,571,141,382,264,99,381,2597,1530,290,426,1082,109,273,145,1284,248,92,842,885,413,191,468,1323,1238,2600,510,305,157,433,500,1019
RStudio,456,539,3200,1801,364,65,337,324,1190,851,452,315,231,403,337,796,1080,1029,707,1100,59,160,88,81,146,82,49,205,125,68,367,631,1300,125,223,885,354,64,305,59,480,74,181,493,751,89,302,109,2570,289,871,111,1598,376,154,563,172,127,1499,1041,1254,1626,220,769,262,472,117,219,540,548,778,910,828,1586,1938,206,502,893,1340,1813,134,574,101,652,245,1724,185,1252,468,43,111,1269,2427,342,2450,3200,319,783,413,134,246,193,104,221,1951,1209,206,333,985,96,191,120,992,191,105,619,594,345,169,359,985,1101,2092,379,283,151,398,407,808
React Native,1296,1335,7051,5077,481,67,945,1036,3724,3598,1925,1322,523,299,499,1447,1863,1621,1974,1798,76,261,169,189,860,214,72,972,147,276,1659,1244,3859,301,860,1467,1153,262,392,128,3235,111,322,2644,1178,281,1468,777,6402,923,2532,248,5178,264,206,2407,246,150,925,2503,3021,6461,93,583,1044,1395,126,1142,1509,386,1767,1617,3371,4186,1608,406,907,4745,2082,1512,575,923,163,2431,896,1253,180,3364,832,73,218,1443,3317,529,373,319,7051,6044,1957,333,761,675,194,484,3674,2741,211,1007,2029,348,893,445,1120,594,135,581,3942,1011,411,328,1898,2381,6109,1682,1193,472,2277,3081,2644
React.js,4702,4487,25296,17124,2255,120,3092,3838,12291,6840,5460,3422,1933,851,1355,3888,7191,4818,6802,5522,142,705,425,812,1424,476,152,2031,328,670,4543,3906,14068,708,2640,3880,3964,706,1398,272,9936,357,1063,5802,3959,548,2810,2224,22952,3301,6940,836,18479,665,680,7108,554,415,2991,8369,9357,23071,251,1535,2495,5014,376,2667,4204,1037,5832,5521,10061,12479,13294,1580,1978,15772,6416,4745,818,2650,360,6599,2367,4068,503,11876,2966,179,560,4759,11966,1282,1019,783,6044,25296,6547,1239,2500,2193,588,2062,12806,7587,759,3411,5794,1067,1460,1018,2699,2381,274,1527,13460,2533,890,902,6664,7692,21284,5124,3506,905,3679,8746,8329
Redis,2788,2504,14552,11393,1328,77,1779,2402,8957,3108,3242,1852,2311,839,698,1988,5453,2545,3804,2719,88,870,471,459,886,457,169,999,242,405,3560,2766,11097,470,2116,1988,4897,651,935,272,4484,200,997,2453,2903,290,1329,835,13532,3167,4418,754,8895,663,380,3615,354,292,1771,5072,5197,11395,162,916,1453,5035,259,1960,3635,475,3770,3481,5924,7994,7614,1140,983,7354,3446,2864,520,1654,249,4140,1864,2632,505,9353,1844,163,585,3129,7504,789,571,413,1957,6547,14552,850,2617,2304,662,1496,8735,5418,669,2442,3613,570,824,944,1599,2482,262,940,6446,970,387,507,5089,3768,10827,3691,1928,545,1922,4416,4861
Rider,2446,1872,3255,2221,235,50,1117,1932,1236,976,963,423,300,131,256,441,1054,704,2874,926,48,135,82,62,151,84,39,284,100,103,520,353,1986,83,309,466,594,95,177,61,692,264,132,491,379,86,358,144,2996,475,698,154,1979,111,139,496,84,84,339,1584,1275,2330,55,179,529,777,67,253,609,145,1434,1670,945,1283,1207,231,266,1341,1205,536,149,378,67,652,539,417,89,1405,825,71,84,1119,1466,276,141,134,333,1239,850,3255,225,168,165,404,1932,1216,133,432,658,160,256,151,313,410,72,190,1660,877,288,205,775,2146,2643,715,1042,427,499,730,917
Ruby,643,702,5569,4039,410,77,444,482,3434,1117,837,668,863,236,426,1087,2282,1223,1077,1156,91,256,374,227,272,160,233,385,151,159,1272,730,3647,224,663,741,1460,560,561,217,1208,112,193,828,815,144,463,376,5041,1143,1488,314,3590,204,256,2205,176,136,516,1438,1769,4393,125,269,587,1415,211,452,1067,282,963,853,1472,2744,3622,573,411,2322,948,887,377,526,123,1311,398,744,378,3980,598,70,313,818,2543,349,382,246,761,2500,2617,225,5569,3881,1016,647,3084,1959,288,609,1589,221,537,218,492,946,206,321,1893,437,192,285,2210,1068,3819,1177,503,191,913,2067,1883
Ruby on Rails,483,518,4438,3349,256,56,386,412,2903,905,747,620,670,199,264,880,1584,787,753,756,63,198,262,162,254,129,165,298,108,141,1104,643,2972,223,505,582,1193,469,434,152,1008,70,188,704,639,127,399,345,4067,789,1243,175,2920,173,157,2036,158,117,393,1077,1189,3582,78,221,377,1171,129,430,819,190,725,663,1176,2303,2762,472,356,1782,696,673,228,419,113,994,353,582,221,3478,353,58,238,587,1729,258,264,193,675,2193,2304,168,3881,4438,939,407,2459,1577,199,525,1314,182,358,214,406,724,185,264,1503,345,161,198,1687,800,3076,1021,430,171,738,1868,1666
RubyMine,180,203,1219,927,74,48,147,153,796,347,258,197,221,92,103,322,445,253,270,268,37,88,110,54,95,66,60,126,56,66,342,232,868,84,177,244,376,119,133,59,287,39,85,221,199,68,159,110,1112,249,368,86,758,84,56,523,71,66,167,573,447,941,41,89,169,364,53,158,292,82,240,252,367,692,728,134,168,493,280,215,98,166,66,333,284,197,79,907,111,44,99,427,524,109,99,104,194,588,662,165,1016,939,1219,131,691,487,80,210,429,82,147,88,139,225,113,101,434,157,88,88,479,302,813,322,383,80,262,519,488
Rust,1009,815,5799,3092,552,81,325,591,2258,1092,687,350,742,264,855,612,2659,2366,1475,2398,70,241,147,225,151,132,120,549,103,370,1059,759,3541,110,467,583,868,338,712,186,1188,189,341,654,1047,99,630,259,5352,1621,1342,218,2892,167,560,891,139,97,860,2074,2105,3599,240,462,791,1322,281,249,964,355,1025,698,1429,1785,3934,1320,206,2340,953,1629,201,346,116,912,304,1179,241,2783,710,69,169,1103,3806,669,381,221,484,2062,1496,404,647,407,131,5799,2259,2121,359,537,890,436,405,172,810,688,76,608,2381,730,328,183,2417,1405,4320,1060,510,174,600,1240,860
SQL,9670,10774,38835,24000,3661,216,7451,7919,15436,9590,8603,4691,3020,1885,2540,5543,12661,8447,14186,9317,315,1039,560,656,2111,634,298,2507,1155,490,5287,5203,19010,1042,2809,7737,5641,728,1802,358,8055,480,1362,5742,5602,501,3298,1228,33364,4148,8706,1523,27005,1482,834,6600,783,1031,5465,12482,16293,29709,409,2557,3448,6690,568,4456,8376,2086,10146,14084,10188,22383,22866,1672,3928,15713,14490,8167,1126,6452,628,12884,4231,7337,1298,16910,6253,202,780,8190,19651,2236,2597,1951,3674,12806,8735,1932,3084,2459,691,2259,38835,13691,1255,5702,9102,853,1794,1793,4125,2948,397,2297,13775,3446,1152,2872,10067,15600,28416,6948,3594,1850,4311,6843,14793
SQLite,5048,5541,22634,13609,1921,138,3425,3794,8880,8132,4445,2761,2004,964,1922,4018,7655,6727,7451,7268,207,658,394,401,1597,505,191,2308,826,464,3939,4913,11209,692,1510,4762,3133,451,1503,255,4947,323,1154,4767,4950,363,3049,834,19924,2892,6073,799,14269,819,706,4970,585,531,4059,7551,9749,15984,372,1972,3240,3565,484,2617,5430,1409,5491,6454,6690,13289,12399,1481,2677,9069,7987,6238,1247,3285,408,6873,2381,5289,949,10510,3250,123,561,6047,13508,2359,1530,1209,2741,7587,5418,1216,1959,1577,487,2121,13691,22634,628,2545,6028,664,1944,1073,3250,1503,325,1890,7349,2586,911,1585,6771,8587,16678,4449,2355,1551,3893,4273,7984
Scala,286,298,2148,1615,350,63,180,213,1280,423,450,295,368,840,220,340,992,545,452,562,73,344,123,177,116,132,64,154,89,85,292,288,1558,79,397,446,667,122,254,107,419,98,148,254,430,67,166,109,1913,484,663,259,937,544,216,354,99,110,536,1591,1419,1261,107,288,401,871,132,127,366,183,574,479,742,1036,1223,216,216,766,547,691,113,432,79,372,138,678,146,1223,286,51,119,664,1400,159,290,206,211,759,669,133,288,199,80,359,1255,628,2148,591,560,99,163,96,400,447,72,273,805,162,88,151,871,464,1394,338,246,90,230,499,456
Spring,1206,1291,9177,6027,1500,72,893,962,4476,2668,3299,1556,1142,680,505,1353,2940,1804,1964,1960,121,636,247,215,618,317,55,655,201,170,1072,1042,5998,268,1086,3668,2076,140,459,100,2149,82,306,1536,1249,160,933,345,8380,1204,2254,1058,5240,601,231,1657,282,511,1048,7086,8642,6626,84,547,1766,2846,140,714,1909,439,2110,2338,3252,5390,5723,383,1387,3704,3570,1572,310,2838,248,1891,761,1392,320,4988,967,69,283,2063,4078,496,426,333,1007,3411,2442,432,609,525,210,537,5702,2545,591,9177,2284,226,502,378,896,1112,136,509,3861,718,270,455,2769,2274,6328,1500,1367,331,1077,1737,3001
Sublime Text,2395,2986,16714,9715,1371,90,1903,1734,6860,5379,3336,2346,1194,841,1262,4343,4808,4592,4071,5124,137,515,313,214,1177,330,130,1279,346,279,2738,3018,7425,591,1260,4555,2364,298,837,171,3791,148,628,3290,2983,292,1786,639,14403,1718,4315,640,10979,715,359,3914,448,352,3237,6330,7342,12059,244,1514,1734,2595,210,2465,3422,1131,3078,3670,5134,9847,10410,724,2725,6429,6352,4376,751,2403,299,5761,2177,3707,493,6468,1854,88,425,5073,9462,1343,1082,985,2029,5794,3613,658,1589,1314,429,890,9102,6028,560,2284,16714,403,1153,822,2367,1113,343,1428,4753,2004,762,965,5058,5848,12157,3110,2001,699,2614,3254,6494
Svelte,346,310,1735,1165,135,43,213,299,820,468,481,270,207,107,132,285,646,405,499,416,45,95,71,76,180,89,62,272,58,232,488,297,1106,105,206,233,309,150,165,72,807,85,186,507,379,81,350,260,1599,444,619,72,1367,88,102,555,87,63,232,585,602,1565,69,153,252,405,76,228,400,86,441,336,743,766,860,274,134,1237,365,371,85,177,82,482,194,302,66,947,260,47,95,325,910,168,109,96,348,1067,570,160,221,182,82,436,853,664,99,226,403,1735,165,125,259,237,66,160,1160,268,132,104,560,489,1474,724,303,106,301,720,553
Swift,756,826,4204,2680,344,78,523,560,1839,2081,867,586,275,169,388,824,1242,1176,1207,1259,81,150,102,111,424,137,85,658,129,130,741,528,1781,154,386,781,515,157,231,104,974,107,155,1424,516,129,840,219,3622,551,1384,208,2339,147,157,843,156,106,469,1487,1972,2789,95,283,1215,638,116,474,674,268,969,847,1213,1952,2490,217,450,1795,927,761,1445,479,109,1161,442,589,180,1500,463,52,120,855,1896,340,273,191,893,1460,824,256,537,358,147,405,1794,1944,163,502,1153,165,4204,203,547,272,169,298,1571,609,252,251,1070,1317,2961,757,512,357,3610,856,1160
Symfony,388,477,2427,1566,111,52,359,330,1193,817,756,571,406,132,207,508,937,561,636,580,51,125,109,57,350,126,46,220,120,86,657,377,1676,430,239,577,700,75,167,61,717,56,125,482,326,94,320,201,2209,339,713,95,1912,119,90,498,110,88,210,915,958,2155,45,144,253,531,71,1056,1384,140,524,619,903,2101,1431,132,459,1297,872,375,161,384,86,2272,1509,304,165,1113,375,46,161,553,1069,245,145,120,445,1018,944,151,218,214,88,172,1793,1073,96,378,822,125,203,2427,276,239,97,170,1018,316,167,211,865,688,1663,1009,514,190,430,877,1573
TensorFlow,1217,1408,8034,5141,785,78,785,776,3395,2644,1325,838,587,807,894,1823,2818,3017,2097,3575,84,363,161,137,426,201,79,832,142,201,1175,2122,4264,178,668,1855,1177,164,574,131,1755,136,691,1775,2639,161,1171,351,7027,1069,2858,257,4513,696,331,1862,422,188,3765,2877,3614,5047,313,4173,885,1631,210,642,1354,1223,1902,1637,2829,4266,3452,510,929,3096,2725,6316,324,1092,179,1797,586,5329,278,3315,1113,67,217,3465,7118,1216,1284,992,1120,2699,1599,313,492,406,139,810,4125,3250,400,896,2367,259,547,276,8034,552,113,3370,2125,1368,558,455,2587,2749,5971,1306,763,377,1077,1274,2164
Terraform,1030,827,5442,5208,708,60,555,880,4392,865,1059,579,1695,512,228,607,2838,760,1293,795,63,394,429,317,236,205,75,280,79,155,1032,813,4823,165,1528,609,1953,331,551,149,1254,116,414,660,1148,142,385,364,5101,1775,1973,515,2693,343,165,906,148,146,719,2237,2076,3566,73,306,667,3091,139,347,1026,144,1728,1222,1661,2414,2881,544,246,2405,1021,1072,155,571,165,908,385,1056,227,3544,883,195,429,1232,3171,209,248,191,594,2381,2482,410,946,724,225,688,2948,1503,447,1112,1113,237,272,239,552,5442,120,344,2297,324,174,148,2266,1134,3986,950,594,182,620,1433,1072
TextMate,137,154,678,482,58,52,122,119,390,254,197,169,135,86,92,262,301,194,179,207,41,76,76,56,113,63,40,69,64,58,185,133,392,106,116,238,186,61,128,45,180,38,67,165,132,58,99,69,582,133,244,77,442,75,54,194,71,64,152,299,311,500,47,74,119,203,55,128,216,79,195,196,230,424,383,96,169,294,281,147,124,159,68,277,175,138,85,358,108,43,84,192,337,87,92,105,135,274,262,72,206,185,113,76,397,325,72,136,343,66,169,97,113,120,678,86,241,101,76,92,319,237,455,168,150,90,315,215,314
Torch/PyTorch,698,755,4808,3117,503,70,404,431,2116,1342,672,502,388,575,591,1035,1825,1886,1163,2268,67,241,118,111,234,142,54,401,88,124,715,1262,2638,127,403,1014,748,112,446,94,885,93,548,842,1761,114,577,178,4271,687,1712,160,2520,489,268,1012,278,134,2503,1635,2032,2773,300,2211,477,995,175,324,723,832,1174,905,1551,2336,2161,378,504,1650,1507,4120,196,620,124,913,320,3429,186,1967,681,53,151,2213,4491,770,842,619,581,1527,940,190,321,264,101,608,2297,1890,273,509,1428,160,298,170,3370,344,86,4808,1143,774,360,270,1738,1552,3504,752,422,200,589,744,1180
TypeScript,6756,6130,24909,17298,2492,144,4343,5775,11352,6643,10834,4245,1811,753,1256,2913,7463,4178,8990,4952,174,645,354,393,2328,525,180,2054,452,794,3931,2687,14472,598,2581,3716,3993,605,1028,246,8998,428,913,5422,2979,426,2591,1655,22683,3278,6590,976,18681,537,655,5207,484,527,2185,8417,9356,22542,223,1119,2655,5207,345,2359,4371,893,7188,7315,9103,11413,13063,1444,1773,15629,7115,3617,864,2876,318,6265,2339,3068,522,11304,3884,231,485,3939,10451,1064,885,594,3942,13460,6446,1660,1893,1503,434,2381,13775,7349,805,3861,4753,1160,1571,1018,2125,2297,241,1143,24909,2355,781,1148,5976,9042,21308,5643,3903,1141,3858,7714,7834
Unity 3D,2493,2859,7206,3760,362,76,1304,1406,2177,2988,1296,889,335,254,871,1677,2034,2416,4781,3191,72,177,119,103,477,119,75,809,159,210,925,1103,2653,207,379,1903,622,135,402,90,1749,147,237,1635,1146,168,1118,267,6028,755,1911,213,4832,224,271,1562,240,130,1146,2761,3535,5172,106,727,981,846,133,729,1293,568,1625,1736,2129,3671,4051,424,930,3198,3050,2056,395,807,166,2199,765,1414,177,2132,1128,63,161,2151,4407,864,413,345,1011,2533,970,877,437,345,157,730,3446,2586,162,718,2004,268,609,316,1368,324,101,774,2355,7206,1611,495,1724,4561,6000,1325,839,716,1234,1114,2471
Unreal Engine,788,921,2339,1349,126,53,452,474,837,1052,492,391,180,135,391,666,743,1012,1306,1424,54,114,86,64,201,81,48,293,86,128,403,443,1003,114,188,742,259,77,220,63,587,88,132,537,448,103,439,126,1974,340,750,86,1585,117,114,562,138,78,461,961,1215,1673,76,283,377,382,81,300,543,235,646,584,781,1312,1236,184,384,1086,1154,737,180,354,109,812,344,507,97,799,491,57,116,803,1550,436,191,169,411,890,387,288,192,161,88,328,1152,911,88,270,762,132,252,167,558,174,76,360,781,1611,2339,230,683,1561,1957,541,335,289,466,420,878
VBA,1439,1922,3847,2110,446,79,1289,1030,1152,1100,855,616,233,210,496,685,1223,1134,2066,1331,149,137,87,69,319,114,108,242,334,90,421,505,1305,204,214,1156,406,73,207,79,639,125,144,586,500,92,298,110,2829,294,858,179,2621,192,121,570,163,255,628,1025,1636,2687,99,281,313,437,141,391,863,456,1280,2175,942,2219,2261,129,704,1354,2240,937,242,973,123,1456,385,847,296,1302,1168,44,120,880,2071,394,468,359,328,902,507,205,285,198,88,183,2872,1585,151,455,965,104,251,211,455,148,92,270,1148,495,230,3847,849,2480,2697,609,341,410,516,477,1699
Vim,2580,2762,19752,11903,2310,122,1486,1748,8980,4339,3122,1893,2815,1098,1877,3588,9804,6301,4073,6452,166,742,507,541,868,407,158,1149,322,403,3227,3260,11922,594,1755,3846,3428,581,1789,311,4135,223,923,2530,3899,303,1543,770,18090,3327,4771,1030,10977,900,780,3524,460,447,3541,7002,7962,12954,414,1589,1861,4535,466,1642,4157,1215,3681,3410,5326,9138,12963,2429,1758,7486,5697,5400,683,2394,342,4775,1770,4422,1172,9029,2487,156,684,4818,12591,1885,1323,985,1898,6664,5089,775,2210,1687,479,2417,10067,6771,871,2769,5058,560,1070,865,2587,2266,319,1738,5976,1724,683,849,19752,5122,13233,3396,1849,600,2493,4099,5519
Visual Studio,13102,14506,26970,15402,2493,166,9025,10032,7488,7833,6231,3469,1093,794,2162,4028,6131,7055,18316,9423,217,512,287,181,1388,363,185,1828,810,354,2448,2707,9762,557,1263,5891,2479,231,997,160,4561,545,584,3954,2727,366,2439,634,22059,1829,4930,625,16807,639,487,3768,504,575,3203,7178,9652,18498,249,1588,2113,3137,276,2029,3847,1646,9534,13161,6453,12011,14515,843,3232,9348,13225,4929,913,3801,366,6345,2041,3753,619,7301,5679,138,381,5611,12028,2235,1238,1101,2381,7692,3768,2146,1068,800,302,1405,15600,8587,464,2274,5848,489,1317,688,2749,1134,237,1552,9042,4561,1561,2480,5122,26970,21575,3900,2163,2504,3257,3420,9467
Visual Studio Code,13057,13339,58026,33609,5563,238,8287,9980,21202,14199,12062,5938,3766,1886,3348,7882,15526,12391,18819,14697,284,1216,680,756,2874,801,298,4224,952,905,7283,7209,26627,1090,3913,9685,6690,1090,2286,425,13291,703,1898,9409,7796,715,5565,2194,49921,6038,12618,1643,35937,1440,1208,10721,1040,1007,7646,16505,20589,41880,760,3623,4730,8992,567,5020,8747,2772,13463,14821,15991,26171,36573,2751,4629,23775,17999,11893,1580,6316,708,13477,4082,9898,1095,20782,7422,294,927,11243,28744,3429,2600,2092,6109,21284,10827,2643,3819,3076,813,4320,28416,16678,1394,6328,12157,1474,2961,1663,5971,3986,455,3504,21308,6000,1957,2697,13233,21575,58026,9785,4657,2362,6991,10704,16602
Vue.js,2511,2473,11954,7876,756,72,1745,2129,5584,3351,2979,2005,1146,416,747,1987,3655,2324,3680,2658,99,364,241,173,1090,296,124,1161,238,414,2819,1977,7065,537,1051,1858,2122,361,563,158,4073,163,642,2692,1931,237,1623,754,10972,1817,3411,390,9173,355,336,3010,315,245,1250,3869,4247,10974,148,670,1217,2313,176,3010,3361,506,2932,2976,4500,7103,6481,700,1119,6934,3435,2139,427,1355,223,5068,2310,1741,353,5634,1640,90,357,2323,5678,815,510,379,1682,5124,3691,715,1177,1021,322,1060,6948,4449,338,1500,3110,724,757,1009,1306,950,168,752,5643,1325,541,609,3396,3900,9785,11954,1964,590,1763,3781,5209
Webstorm,1370,1345,6564,4407,515,69,868,1115,3124,2432,2476,1193,590,304,435,1417,1945,1437,2049,1621,82,284,151,103,690,215,50,669,149,236,1415,1062,3951,273,747,1418,1251,149,330,87,2608,102,300,1653,1005,167,875,466,6019,956,1948,322,4770,244,170,1662,219,177,889,3951,3236,5843,84,413,941,1448,97,1053,1630,342,1613,1613,2817,3745,3429,353,892,4053,2257,1215,318,925,139,2329,2025,1027,177,3203,842,70,179,2737,3155,460,305,283,1193,3506,1928,1042,503,430,383,510,3594,2355,246,1367,2001,303,512,514,763,594,150,422,3903,839,335,341,1849,2163,4657,1964,6564,371,1271,2159,2513
Xamarin,2068,2101,2844,2060,215,62,1489,1655,951,1369,921,620,179,142,302,484,714,761,2457,970,65,126,95,52,396,110,66,338,196,115,404,324,1268,164,187,787,375,66,155,56,526,151,107,673,302,116,496,119,2433,271,777,104,1929,124,105,469,146,114,286,896,1169,2101,53,166,426,505,73,363,625,203,1568,1787,863,1561,933,119,524,1092,1483,438,284,561,108,929,393,325,119,979,749,60,128,555,1150,322,157,151,472,905,545,427,191,171,80,174,1850,1551,90,331,699,106,357,190,377,182,90,200,1141,716,289,410,600,2504,2362,590,371,2844,845,502,1336
Xcode,1746,1903,9040,6169,750,93,1277,1334,4219,4946,2423,1457,642,316,658,1881,2632,2220,2700,2476,96,279,184,155,1385,245,90,1388,242,217,1698,1128,4287,361,816,1968,1214,228,518,119,2469,123,292,3007,1081,223,1801,531,7951,999,3113,335,5583,277,202,1955,276,215,1058,3161,3846,6580,110,523,1673,1498,149,1086,1674,494,2283,2140,2830,4624,4643,407,1109,4248,2616,1509,1821,1070,199,2690,1046,1218,281,3396,947,73,248,1843,3907,654,433,398,2277,3679,1922,499,913,738,262,600,4311,3893,230,1077,2614,301,3610,430,1077,620,315,589,3858,1234,466,516,2493,3257,6991,1763,1271,845,9040,2243,2972
Yarn,2180,2028,12937,9188,944,86,1358,1800,6842,3608,3034,1816,1273,605,623,2127,4314,2253,3120,2479,87,408,282,303,965,292,132,1123,202,491,2814,1845,8530,456,1417,1880,2498,538,768,190,5153,196,568,3091,1935,374,1536,1318,12401,2003,3889,486,9489,557,356,3950,300,241,1472,4328,4475,11668,139,713,1354,2963,208,1726,2865,491,2974,2702,5108,6668,6702,1077,1027,8128,3037,2225,521,1335,213,3839,1715,1904,306,6916,1583,147,416,2322,5756,701,500,407,3081,8746,4416,730,2067,1868,519,1240,6843,4273,499,1737,3254,720,856,877,1274,1433,215,744,7714,1114,420,477,4099,3420,10704,3781,2159,502,2243,12937,4423
jQuery,5518,6748,21693,13231,1631,120,5230,4690,8585,6425,5728,4162,1568,776,1423,4213,6120,4816,8235,5392,205,584,383,204,1920,424,170,1474,654,345,3564,3248,9599,1029,1367,5233,3052,292,899,184,5541,216,620,3957,3063,365,2141,902,18769,1858,5205,746,17761,645,403,4591,494,604,2507,6593,8815,19990,178,1173,1668,2985,288,3919,5830,1111,5755,7720,6735,14148,11938,743,3067,10032,9274,3854,787,3556,403,10075,3557,3175,823,8126,3473,88,532,4272,9649,1450,1019,808,2644,8329,4861,917,1883,1666,488,860,14793,7984,456,3001,6494,553,1160,1573,2164,1072,314,1180,7834,2471,878,1699,5519,9467,16602,5209,2513,1336,2972,4423,21693
